time,temperature,ch1,ch3,ch5
4.601899999999999636e+03,6.373901367187500000e+01,2.312499999999984013e-02,1.510750000000000171e+01,-6.945312500000078160e-02
4.602000000000000000e+03,6.370239257812500000e+01,5.812499999999998224e-02,1.468750000000000000e+01,-1.039062500000031974e-02
4.602100000000000364e+03,6.350097656250000000e+01,1.812499999999994671e-02,1.489499999999999957e+01,-4.703125000000074607e-02
4.602199999999999818e+03,6.527709960937500000e+01,3.854999999999999982e+00,1.490749999999999886e+01,1.796320312499999972e+01
4.602300000000000182e+03,6.509399414062500000e+01,3.125000000000000000e+00,1.485750000000000171e+01,1.553453125000000057e+01
4.602399999999999636e+03,6.542358398437500000e+01,3.129999999999999893e+00,1.474000000000000199e+01,1.551101562500000064e+01
4.602500000000000000e+03,6.540527343750000000e+01,3.160000000000000142e+00,1.491750000000000043e+01,1.548148437500000085e+01
4.602600000000000364e+03,6.697998046875000000e+01,3.165000000000000036e+00,1.477749999999999986e+01,1.547601562500000050e+01
4.602699999999999818e+03,6.886596679687500000e+01,3.172499999999999876e+00,1.478249999999999886e+01,1.560671875000000064e+01
4.602800000000000182e+03,6.846313476562500000e+01,3.202500000000000124e+00,1.482499999999999929e+01,1.548039062500000007e+01
4.602899999999999636e+03,6.882934570312500000e+01,3.252499999999999947e+00,1.480999999999999872e+01,1.551210937500000142e+01
4.603000000000000000e+03,6.882934570312500000e+01,3.205000000000000071e+00,1.487500000000000000e+01,1.549679687500000114e+01
4.603100000000000364e+03,7.315063476562500000e+01,3.237499999999999822e+00,1.486500000000000199e+01,1.552304687500000036e+01
4.603199999999999818e+03,7.380981445312500000e+01,3.285000000000000142e+00,1.480000000000000071e+01,1.546617187500000057e+01
4.603300000000000182e+03,7.333374023437500000e+01,3.240000000000000213e+00,1.485750000000000171e+01,1.550062500000000121e+01
4.603399999999999636e+03,7.375488281250000000e+01,3.305000000000000160e+00,1.485500000000000043e+01,1.554437500000000050e+01
4.603500000000000000e+03,7.840576171875000000e+01,3.314999999999999947e+00,1.474000000000000199e+01,1.550171875000000021e+01
4.603600000000000364e+03,7.939453125000000000e+01,3.354999999999999982e+00,1.474000000000000199e+01,1.552578125000000142e+01
4.603699999999999818e+03,7.987060546875000000e+01,3.314999999999999947e+00,1.483749999999999858e+01,1.547218750000000043e+01
4.603800000000000182e+03,7.933959960937500000e+01,3.297499999999999876e+00,1.484499999999999886e+01,1.550171875000000021e+01
4.603899999999999636e+03,8.117065429687500000e+01,3.347500000000000142e+00,1.473000000000000043e+01,1.551046875000000114e+01
4.604000000000000000e+03,8.474121093750000000e+01,3.430000000000000160e+00,1.487750000000000128e+01,1.551757812500000000e+01
4.604100000000000364e+03,8.466796875000000000e+01,3.354999999999999982e+00,1.489750000000000085e+01,1.550390625000000000e+01
4.604199999999999818e+03,8.505249023437500000e+01,3.367500000000000160e+00,1.484499999999999886e+01,1.549242187500000156e+01
4.604300000000000182e+03,8.452148437500000000e+01,3.384999999999999787e+00,1.488749999999999929e+01,1.551046875000000114e+01
4.604399999999999636e+03,8.900756835937500000e+01,3.419999999999999929e+00,1.484499999999999886e+01,1.551976562500000156e+01
4.604500000000000000e+03,8.924560546875000000e+01,3.402499999999999858e+00,1.504500000000000171e+01,1.551484375000000071e+01
4.604600000000000364e+03,8.915405273437500000e+01,3.447499999999999787e+00,1.489750000000000085e+01,1.545414062500000085e+01
4.604699999999999818e+03,8.944702148437500000e+01,3.447499999999999787e+00,1.467999999999999972e+01,1.556953125000000071e+01
4.604800000000000182e+03,9.135131835937500000e+01,3.435000000000000053e+00,1.510750000000000171e+01,1.550664062500000107e+01
4.604899999999999636e+03,9.318237304687500000e+01,3.470000000000000195e+00,1.476000000000000156e+01,1.550718750000000057e+01
4.605000000000000000e+03,9.305419921875000000e+01,3.479999999999999982e+00,1.492000000000000171e+01,1.554710937500000156e+01
4.605100000000000364e+03,9.296264648437500000e+01,3.447499999999999787e+00,1.490749999999999886e+01,1.548257812500000163e+01
4.605199999999999818e+03,9.354858398437500000e+01,3.475000000000000089e+00,1.474749999999999872e+01,1.552578125000000142e+01
4.605300000000000182e+03,9.589233398437500000e+01,3.492500000000000160e+00,1.485750000000000171e+01,1.551101562500000064e+01
4.605399999999999636e+03,9.651489257812500000e+01,3.459999999999999964e+00,1.486500000000000199e+01,1.549789062500000014e+01
4.605500000000000000e+03,9.635009765625000000e+01,3.517500000000000071e+00,1.467750000000000199e+01,1.548476562500000142e+01
4.605600000000000364e+03,9.625854492187500000e+01,3.477500000000000036e+00,1.494750000000000156e+01,1.544921875000000000e+01
4.605699999999999818e+03,9.924316406250000000e+01,3.520000000000000018e+00,1.492750000000000199e+01,1.550171875000000021e+01
4.605800000000000182e+03,9.907836914062500000e+01,3.567499999999999893e+00,1.486500000000000199e+01,1.548257812500000163e+01
4.605899999999999636e+03,9.968261718750000000e+01,3.507500000000000284e+00,1.484499999999999886e+01,1.551429687500000121e+01
4.606000000000000000e+03,9.946289062500000000e+01,3.527499999999999858e+00,1.503750000000000142e+01,1.553015625000000099e+01
4.606100000000000364e+03,1.008728027343750000e+02,3.549999999999999822e+00,1.471999999999999886e+01,1.545687500000000014e+01
4.606199999999999818e+03,1.025390625000000000e+02,3.580000000000000071e+00,1.483749999999999858e+01,1.554218750000000071e+01
4.606300000000000182e+03,1.019531250000000000e+02,3.544999999999999929e+00,1.482750000000000057e+01,1.548257812500000163e+01
4.606399999999999636e+03,1.025939941406250000e+02,3.570000000000000284e+00,1.503750000000000142e+01,1.552359375000000163e+01
4.606500000000000000e+03,1.023742675781250000e+02,3.615000000000000213e+00,1.458500000000000085e+01,1.546015625000000071e+01
4.606600000000000364e+03,1.047546386718750000e+02,3.602500000000000036e+00,1.482499999999999929e+01,1.547164062500000092e+01
4.606699999999999818e+03,1.053039550781250000e+02,3.584999999999999964e+00,1.476999999999999957e+01,1.550937500000000036e+01
4.606800000000000182e+03,1.046813964843750000e+02,3.609999999999999876e+00,1.501750000000000185e+01,1.554875000000000007e+01
4.606899999999999636e+03,1.052490234375000000e+02,3.637500000000000178e+00,1.476000000000000156e+01,1.544156250000000163e+01
4.607000000000000000e+03,1.069702148437500000e+02,3.592500000000000249e+00,1.483749999999999858e+01,1.548640624999999993e+01
4.607100000000000364e+03,1.074829101562500000e+02,3.620000000000000107e+00,1.492750000000000199e+01,1.549789062500000014e+01
4.607199999999999818e+03,1.077941894531250000e+02,3.640000000000000124e+00,1.498499999999999943e+01,1.542734375000000036e+01
4.607300000000000182e+03,1.072082519531250000e+02,3.647499999999999964e+00,1.491750000000000043e+01,1.545742187500000142e+01
4.607399999999999636e+03,1.084350585937500000e+02,3.655000000000000249e+00,1.478750000000000142e+01,1.553835937500000064e+01
4.607500000000000000e+03,1.099914550781250000e+02,3.662500000000000089e+00,1.493750000000000000e+01,1.547875000000000156e+01
4.607600000000000364e+03,1.099914550781250000e+02,3.692499999999999893e+00,1.493750000000000000e+01,1.547765625000000078e+01
4.607699999999999818e+03,1.103393554687500000e+02,3.689999999999999947e+00,1.495749999999999957e+01,1.546070312500000021e+01
4.607800000000000182e+03,1.096801757812500000e+02,3.702500000000000124e+00,1.501750000000000185e+01,1.549460937500000135e+01
4.607899999999999636e+03,1.123901367187500000e+02,3.700000000000000178e+00,1.490749999999999886e+01,1.546671875000000007e+01
4.608000000000000000e+03,1.122802734375000000e+02,3.695000000000000284e+00,1.498750000000000071e+01,1.552250000000000085e+01
4.608100000000000364e+03,1.122985839843750000e+02,3.734999999999999876e+00,1.515249999999999986e+01,1.547492187500000149e+01
4.608199999999999818e+03,1.126281738281250000e+02,3.892500000000000071e+00,1.489499999999999957e+01,1.552906250000000021e+01
4.608300000000000182e+03,1.136169433593750000e+02,3.732499999999999929e+00,1.496750000000000114e+01,1.553835937500000064e+01
4.608399999999999636e+03,1.148803710937500000e+02,3.697499999999999787e+00,1.478750000000000142e+01,1.548476562500000142e+01
4.608500000000000000e+03,1.145874023437500000e+02,3.745000000000000107e+00,1.462249999999999872e+01,1.548695312500000121e+01
4.608600000000000364e+03,1.146057128906250000e+02,3.782499999999999751e+00,1.473000000000000043e+01,1.550062500000000121e+01
4.608699999999999818e+03,1.150451660156250000e+02,3.757500000000000284e+00,1.482750000000000057e+01,1.550718750000000057e+01
4.608800000000000182e+03,1.164367675781250000e+02,3.782499999999999751e+00,1.483500000000000085e+01,1.554054687500000043e+01
4.608899999999999636e+03,1.171325683593750000e+02,3.782499999999999751e+00,1.486749999999999972e+01,1.539343750000000099e+01
4.609000000000000000e+03,1.167846679687500000e+02,3.787500000000000089e+00,1.499000000000000199e+01,1.550500000000000078e+01
4.609100000000000364e+03,1.168029785156250000e+02,3.822499999999999787e+00,1.481250000000000000e+01,1.552742187499999993e+01
4.609199999999999818e+03,1.190185546875000000e+02,3.790000000000000036e+00,1.480250000000000199e+01,1.549023437500000000e+01
4.609300000000000182e+03,1.186706542968750000e+02,3.820000000000000284e+00,1.483500000000000085e+01,1.543554687500000000e+01
4.609399999999999636e+03,1.193115234375000000e+02,3.797499999999999876e+00,1.510500000000000043e+01,1.551539062500000021e+01
4.609500000000000000e+03,1.189819335937500000e+02,3.785000000000000142e+00,1.492750000000000199e+01,1.552031250000000107e+01
4.609600000000000364e+03,1.202819824218750000e+02,3.847500000000000142e+00,1.483249999999999957e+01,1.546617187500000057e+01
4.609699999999999818e+03,1.214355468750000000e+02,3.857499999999999929e+00,1.478000000000000114e+01,1.545578125000000114e+01
4.609800000000000182e+03,1.207763671875000000e+02,3.857499999999999929e+00,1.490749999999999886e+01,1.553507812500000007e+01
4.609899999999999636e+03,1.214355468750000000e+02,3.850000000000000089e+00,1.500750000000000028e+01,1.552085937500000057e+01
4.610000000000000000e+03,1.210510253906250000e+02,3.780000000000000249e+00,1.471000000000000085e+01,1.546617187500000057e+01
4.610100000000000364e+03,1.231018066406250000e+02,3.857499999999999929e+00,1.491750000000000043e+01,1.558867187500000107e+01
4.610199999999999818e+03,1.235412597656250000e+02,3.905000000000000249e+00,1.483249999999999957e+01,1.551703125000000050e+01
4.610300000000000182e+03,1.229003906250000000e+02,3.854999999999999982e+00,1.463250000000000028e+01,1.549351562500000057e+01
4.610399999999999636e+03,1.235412597656250000e+02,3.927500000000000213e+00,1.451249999999999929e+01,1.545632812500000064e+01
4.610500000000000000e+03,1.248962402343750000e+02,3.939999999999999947e+00,1.503000000000000114e+01,1.544648437500000071e+01
4.610600000000000364e+03,1.253540039062500000e+02,3.962499999999999911e+00,1.477749999999999986e+01,1.551484375000000071e+01
4.610699999999999818e+03,1.256652832031250000e+02,3.959999999999999964e+00,1.491750000000000043e+01,1.553398437500000107e+01
4.610800000000000182e+03,1.250244140625000000e+02,3.877499999999999947e+00,1.483500000000000085e+01,1.555039062500000036e+01
4.610899999999999636e+03,1.265625000000000000e+02,3.987499999999999822e+00,1.478249999999999886e+01,1.549679687500000114e+01
4.611000000000000000e+03,1.272949218750000000e+02,3.969999999999999751e+00,1.495749999999999957e+01,1.552140625000000007e+01
4.611100000000000364e+03,1.274414062500000000e+02,3.979999999999999982e+00,1.504749999999999943e+01,1.554765625000000107e+01
4.611199999999999818e+03,1.277526855468750000e+02,3.995000000000000107e+00,1.498750000000000071e+01,1.544320312500000014e+01
4.611300000000000182e+03,1.271301269531250000e+02,3.959999999999999964e+00,1.483749999999999858e+01,1.549351562500000057e+01
4.611399999999999636e+03,1.297119140625000000e+02,4.044999999999999929e+00,1.465749999999999886e+01,1.553343750000000156e+01
4.611500000000000000e+03,1.294189453125000000e+02,3.997500000000000053e+00,1.493750000000000000e+01,1.551648437500000099e+01
4.611600000000000364e+03,1.296020507812500000e+02,4.035000000000000142e+00,1.480250000000000199e+01,1.544593750000000121e+01
4.611699999999999818e+03,1.298767089843750000e+02,4.044999999999999929e+00,1.469999999999999929e+01,1.548859375000000149e+01
4.611800000000000182e+03,1.308471679687500000e+02,4.044999999999999929e+00,1.478000000000000114e+01,1.555039062500000036e+01
4.611899999999999636e+03,1.319641113281250000e+02,4.037499999999999645e+00,1.488749999999999929e+01,1.546070312500000021e+01
4.612000000000000000e+03,1.315063476562500000e+02,4.047500000000000320e+00,1.485500000000000043e+01,1.547820312500000028e+01
4.612100000000000364e+03,1.316345214843750000e+02,4.077500000000000568e+00,1.488500000000000156e+01,1.550117187500000071e+01
4.612199999999999818e+03,1.324035644531250000e+02,4.110000000000000320e+00,1.491750000000000043e+01,1.551265625000000092e+01
4.612300000000000182e+03,1.332275390625000000e+02,4.087500000000000355e+00,1.498750000000000071e+01,1.545468750000000036e+01
4.612399999999999636e+03,1.340148925781250000e+02,4.137500000000000178e+00,1.487500000000000000e+01,1.548695312500000121e+01
4.612500000000000000e+03,1.335021972656250000e+02,4.092500000000000249e+00,1.467750000000000199e+01,1.548750000000000071e+01
4.612600000000000364e+03,1.336669921875000000e+02,4.157499999999999751e+00,1.452250000000000085e+01,1.549351562500000057e+01
4.612699999999999818e+03,1.358459472656250000e+02,4.134999999999999787e+00,1.498750000000000071e+01,1.550007812499999993e+01
4.612800000000000182e+03,1.353881835937500000e+02,4.169999999999999929e+00,1.488500000000000156e+01,1.550062500000000121e+01
4.612899999999999636e+03,1.361206054687500000e+02,4.162499999999999645e+00,1.487750000000000128e+01,1.550937500000000036e+01
4.613000000000000000e+03,1.355712890625000000e+02,4.192499999999999893e+00,1.478249999999999886e+01,1.551812500000000128e+01
4.613100000000000364e+03,1.373107910156250000e+02,4.202500000000000568e+00,1.488500000000000156e+01,1.551703125000000050e+01
4.613199999999999818e+03,1.381896972656250000e+02,4.227500000000000036e+00,1.484250000000000114e+01,1.544539062499999993e+01
4.613300000000000182e+03,1.376403808593750000e+02,4.257500000000000284e+00,1.492500000000000071e+01,1.550882812500000085e+01
4.613399999999999636e+03,1.383178710937500000e+02,4.222500000000000142e+00,1.504500000000000171e+01,1.547710937500000128e+01
4.613500000000000000e+03,1.380981445312500000e+02,4.265000000000000568e+00,1.510750000000000171e+01,1.553835937500000064e+01
4.613600000000000364e+03,1.400207519531250000e+02,4.271874999999999645e+00,1.480750000000000099e+01,1.552031250000000107e+01
4.613699999999999818e+03,1.403320312500000000e+02,4.276875000000000426e+00,1.464000000000000057e+01,1.550281250000000099e+01
4.613800000000000182e+03,1.397277832031250000e+02,4.322499999999999787e+00,1.491499999999999915e+01,1.547656250000000000e+01
4.613899999999999636e+03,1.404052734375000000e+02,4.319374999999999964e+00,1.478249999999999886e+01,1.551976562500000156e+01
4.614000000000000000e+03,1.418334960937500000e+02,4.342500000000000249e+00,1.497749999999999915e+01,1.549570312500000036e+01
4.614100000000000364e+03,1.423095703125000000e+02,4.362499999999999822e+00,1.488749999999999929e+01,1.551265625000000092e+01
4.614199999999999818e+03,1.425476074218750000e+02,4.377499999999999503e+00,1.469999999999999929e+01,1.548367187500000064e+01
4.614300000000000182e+03,1.419433593750000000e+02,4.367499999999999716e+00,1.464250000000000185e+01,1.550171875000000021e+01
4.614399999999999636e+03,1.440124511718750000e+02,4.360000000000000320e+00,1.492750000000000199e+01,1.550117187500000071e+01
4.614500000000000000e+03,1.442687988281250000e+02,4.384999999999999787e+00,1.468250000000000099e+01,1.554437500000000050e+01
4.614600000000000364e+03,1.445068359375000000e+02,4.432500000000000107e+00,1.497749999999999915e+01,1.550992187500000163e+01
4.614699999999999818e+03,1.447265625000000000e+02,4.427500000000000213e+00,1.498750000000000071e+01,1.550062500000000121e+01
4.614800000000000182e+03,1.442138671875000000e+02,4.459999999999999964e+00,1.515500000000000114e+01,1.550007812499999993e+01
4.614899999999999636e+03,1.470153808593750000e+02,4.427500000000000213e+00,1.496750000000000114e+01,1.550718750000000057e+01
4.615000000000000000e+03,1.465759277343750000e+02,4.447499999999999787e+00,1.488250000000000028e+01,1.548640624999999993e+01
4.615100000000000364e+03,1.468322753906250000e+02,4.469999999999999751e+00,1.499749999999999872e+01,1.546671875000000007e+01
4.615199999999999818e+03,1.470520019531250000e+02,4.482499999999999929e+00,1.487500000000000000e+01,1.549187500000000028e+01
4.615300000000000182e+03,1.484252929687500000e+02,4.512500000000000178e+00,1.493499999999999872e+01,1.553398437500000107e+01
4.615399999999999636e+03,1.494323730468750000e+02,4.500000000000000000e+00,1.498750000000000071e+01,1.547382812500000071e+01
4.615500000000000000e+03,1.489013671875000000e+02,4.544999999999999929e+00,1.494750000000000156e+01,1.550992187500000163e+01
4.615600000000000364e+03,1.491760253906250000e+02,4.527499999999999858e+00,1.478249999999999886e+01,1.548093750000000135e+01
4.615699999999999818e+03,1.505859375000000000e+02,4.537499999999999645e+00,1.473750000000000071e+01,1.550335937500000050e+01
4.615800000000000182e+03,1.510253906250000000e+02,4.602500000000000036e+00,1.513749999999999929e+01,1.546781250000000085e+01
4.615899999999999636e+03,1.517211914062500000e+02,4.584999999999999964e+00,1.476249999999999929e+01,1.553507812500000007e+01
4.616000000000000000e+03,1.511535644531250000e+02,4.625000000000000000e+00,1.497749999999999915e+01,1.552578125000000142e+01
4.616100000000000364e+03,1.514465332031250000e+02,4.660000000000000142e+00,1.482750000000000057e+01,1.546726562500000135e+01
4.616199999999999818e+03,1.539001464843750000e+02,4.612499999999999822e+00,1.513749999999999929e+01,1.555476562499999993e+01
4.616300000000000182e+03,1.534423828125000000e+02,4.677500000000000213e+00,1.474000000000000199e+01,1.554164062500000121e+01
4.616399999999999636e+03,1.541381835937500000e+02,4.689999999999999503e+00,1.498750000000000071e+01,1.546726562500000135e+01
4.616500000000000000e+03,1.535705566406250000e+02,4.709999999999999964e+00,1.494999999999999929e+01,1.552906250000000021e+01
4.616600000000000364e+03,1.541381835937500000e+02,4.709999999999999964e+00,1.485750000000000171e+01,1.551046875000000114e+01
4.616699999999999818e+03,1.543762207031250000e+02,4.711875000000000036e+00,1.488250000000000028e+01,1.550773437500000007e+01
4.616800000000000182e+03,1.538085937500000000e+02,4.768749999999999822e+00,1.491750000000000043e+01,1.550062500000000121e+01
4.616899999999999636e+03,1.544860839843750000e+02,4.796250000000000568e+00,1.487750000000000128e+01,1.549242187500000156e+01
4.617000000000000000e+03,1.539001464843750000e+02,4.798750000000000071e+00,1.475000000000000000e+01,1.547164062500000092e+01
4.617100000000000364e+03,1.542663574218750000e+02,4.855000000000000426e+00,1.495749999999999957e+01,1.550007812499999993e+01
4.617199999999999818e+03,1.544128417968750000e+02,4.832499999999999574e+00,1.501999999999999957e+01,1.549406250000000007e+01
4.617300000000000182e+03,1.538818359375000000e+02,4.891250000000000320e+00,1.480000000000000071e+01,1.553453125000000057e+01
4.617399999999999636e+03,1.545776367187500000e+02,5.312500000000008882e-02,1.499000000000000199e+01,-3.828125000000071054e-02
4.617500000000000000e+03,1.539550781250000000e+02,4.062499999999991118e-02,1.475499999999999901e+01,-3.007812500000106581e-02
4.617600000000000364e+03,1.542480468750000000e+02,8.124999999999715783e-03,1.487500000000000000e+01,-4.648437500000035527e-02
4.617699999999999818e+03,1.544311523437500000e+02,2.562499999999978684e-02,1.473750000000000071e+01,-3.718750000000081712e-02
4.617800000000000182e+03,1.538452148437500000e+02,3.562500000000001776e-02,1.509499999999999886e+01,-4.484375000000095923e-02
4.617899999999999636e+03,1.528198242187500000e+02,3.812499999999996447e-02,1.478999999999999915e+01,-4.429687500000056843e-02
4.618000000000000000e+03,1.517211914062500000e+02,3.312500000000007105e-02,1.461250000000000071e+01,-2.460937500000071054e-02
4.618100000000000364e+03,1.519958496093750000e+02,3.812499999999996447e-02,1.473000000000000043e+01,-6.562500000000071054e-02
4.618199999999999818e+03,1.521606445312500000e+02,4.562499999999980460e-02,1.489499999999999957e+01,-3.117187500000095923e-02
4.618300000000000182e+03,1.503479003906250000e+02,6.312499999999987566e-02,1.490749999999999886e+01,8.749999999999147349e-03
4.618399999999999636e+03,1.480041503906250000e+02,3.062500000000012434e-02,1.476999999999999957e+01,-2.187500000000053291e-02
4.618500000000000000e+03,1.472717285156250000e+02,1.312500000000005329e-02,1.482750000000000057e+01,-2.187500000000053291e-02
4.618600000000000364e+03,1.475463867187500000e+02,1.812499999999994671e-02,1.484499999999999886e+01,-2.953125000000067502e-02
4.618699999999999818e+03,1.477294921875000000e+02,3.812499999999996447e-02,1.496000000000000085e+01,-7.218750000000095923e-02
4.618800000000000182e+03,1.415222167968750000e+02,2.312499999999984013e-02,1.486500000000000199e+01,-4.703125000000074607e-02
4.618899999999999636e+03,1.415771484375000000e+02,3.312500000000007105e-02,1.491499999999999915e+01,-7.656250000001030287e-03
4.619000000000000000e+03,1.410095214843750000e+02,6.062499999999992895e-02,1.482499999999999929e+01,2.023437499999936051e-02
4.619100000000000364e+03,1.412475585937500000e+02,1.062500000000010658e-02,1.475000000000000000e+01,-5.195312500000071054e-02
4.619199999999999818e+03,1.375671386718750000e+02,2.562499999999978684e-02,1.490749999999999886e+01,-1.531250000000028422e-02
4.619300000000000182e+03,1.350219726562500000e+02,8.124999999999715783e-03,1.475000000000000000e+01,7.656249999999253930e-03
4.619399999999999636e+03,1.355895996093750000e+02,2.062499999999989342e-02,1.492750000000000199e+01,-2.078125000000063949e-02
4.619500000000000000e+03,1.350769042968750000e+02,1.312500000000005329e-02,1.464250000000000185e+01,-3.281250000000035527e-02
4.619600000000000364e+03,1.351318359375000000e+02,5.812499999999998224e-02,1.496000000000000085e+01,-2.898437500000028422e-02
4.619699999999999818e+03,1.310852050781250000e+02,2.587500000000000355e-01,1.507750000000000057e+01,5.468749999995026201e-04
4.619800000000000182e+03,1.302612304687500000e+02,3.124999999999822364e-03,1.501750000000000185e+01,-1.421875000000039080e-02
4.619899999999999636e+03,1.309020996093750000e+02,1.812499999999994671e-02,1.463500000000000156e+01,-2.296875000000042633e-02
4.620000000000000000e+03,1.304443359375000000e+02,4.812499999999975131e-02,1.508749999999999858e+01,-1.203125000000060396e-02
4.620100000000000364e+03,1.272766113281250000e+02,3.062500000000012434e-02,1.515500000000000114e+01,-3.062500000000056843e-02
4.620199999999999818e+03,1.269653320312500000e+02,3.812499999999996447e-02,1.500750000000000028e+01,-5.468750000003907985e-04
4.620300000000000182e+03,1.263427734375000000e+02,4.312499999999985789e-02,1.479749999999999943e+01,-1.148437500000110134e-02
4.620399999999999636e+03,1.270019531250000000e+02,8.124999999999715783e-03,1.461250000000000071e+01,-1.367187500000088818e-02
4.620500000000000000e+03,1.248046875000000000e+02,5.312500000000008882e-02,1.492999999999999972e+01,-1.476562500000078160e-02
4.620600000000000364e+03,1.234680175781250000e+02,1.312500000000005329e-02,1.485750000000000171e+01,-3.937500000000060396e-02
4.620699999999999818e+03,1.236511230468750000e+02,2.812499999999973355e-02,1.478999999999999915e+01,-3.664062500000042633e-02
4.620800000000000182e+03,1.229919433593750000e+02,3.062500000000012434e-02,1.486749999999999972e+01,-1.257812500000099476e-02
4.620899999999999636e+03,1.237060546875000000e+02,4.062499999999991118e-02,1.493499999999999872e+01,-7.109375000000639488e-03
4.621000000000000000e+03,1.205932617187500000e+02,2.062499999999989342e-02,1.492999999999999972e+01,-6.179687500000063949e-02
4.621100000000000364e+03,1.205017089843750000e+02,4.062499999999991118e-02,1.515500000000000114e+01,-7.109375000000639488e-03
4.621199999999999818e+03,1.207580566406250000e+02,6.249999999998756550e-04,1.488749999999999929e+01,-5.523437500000039080e-02
4.621300000000000182e+03,1.201171875000000000e+02,3.812499999999996447e-02,1.484499999999999886e+01,-5.031250000000042633e-02
4.621399999999999636e+03,1.187072753906250000e+02,2.562499999999978684e-02,1.483500000000000085e+01,-3.773437500000031974e-02
4.621500000000000000e+03,1.177917480468750000e+02,5.812499999999998224e-02,1.491000000000000014e+01,-1.968750000000074607e-02
4.621600000000000364e+03,1.178833007812500000e+02,3.562500000000001776e-02,1.490749999999999886e+01,-1.476562500000078160e-02
4.621699999999999818e+03,1.181579589843750000e+02,3.812499999999996447e-02,1.469999999999999929e+01,-4.921875000000852651e-03
4.621800000000000182e+03,1.168579101562500000e+02,1.812499999999994671e-02,1.484750000000000014e+01,-7.000000000000028422e-02
4.621899999999999636e+03,1.160339355468750000e+02,3.312500000000007105e-02,1.478249999999999886e+01,-1.148437500000110134e-02
4.622000000000000000e+03,1.155944824218750000e+02,-6.874999999999964473e-03,1.478750000000000142e+01,-4.593750000000085265e-02
4.622100000000000364e+03,1.156127929687500000e+02,1.562500000000000000e-02,1.490749999999999886e+01,2.624999999999921840e-02
4.622199999999999818e+03,1.159240722656250000e+02,3.312500000000007105e-02,1.464750000000000085e+01,-3.062500000000056843e-02
4.622300000000000182e+03,1.133972167968750000e+02,3.062500000000012434e-02,1.509750000000000014e+01,6.015624999998969713e-03
4.622399999999999636e+03,1.138366699218750000e+02,4.562499999999980460e-02,1.497749999999999915e+01,-2.296875000000042633e-02
4.622500000000000000e+03,1.134887695312500000e+02,2.812499999999973355e-02,1.460249999999999915e+01,-1.914062500000035527e-02
4.622600000000000364e+03,1.135437011718750000e+02,5.062500000000014211e-02,1.486250000000000071e+01,8.749999999999147349e-03
4.622699999999999818e+03,1.125915527343750000e+02,1.562500000000000000e-02,1.505750000000000099e+01,2.296874999999953815e-02
4.622800000000000182e+03,1.113647460937500000e+02,1.812499999999994671e-02,1.490749999999999886e+01,-3.117187500000095923e-02
4.622899999999999636e+03,1.119323730468750000e+02,2.062499999999989342e-02,1.479250000000000043e+01,-8.695312500000085265e-02
4.623000000000000000e+03,1.116027832031250000e+02,1.312500000000005329e-02,1.486749999999999972e+01,-2.296875000000042633e-02
4.623100000000000364e+03,1.115844726562500000e+02,6.812499999999976907e-02,1.471999999999999886e+01,-3.882812500000110134e-02
4.623199999999999818e+03,1.101928710937500000e+02,1.812499999999994671e-02,1.479250000000000043e+01,2.187499999999964473e-02
4.623300000000000182e+03,1.095336914062500000e+02,6.062499999999992895e-02,1.473000000000000043e+01,-4.921875000000053291e-02
4.623399999999999636e+03,1.101196289062500000e+02,4.812499999999975131e-02,1.490749999999999886e+01,-5.414062500000049738e-02
4.623500000000000000e+03,1.098083496093750000e+02,3.062500000000012434e-02,1.476249999999999929e+01,-5.687500000000067502e-02
4.623600000000000364e+03,1.083618164062500000e+02,1.812499999999994671e-02,1.460500000000000043e+01,-1.060937500000003197e-01
4.623699999999999818e+03,1.084167480468750000e+02,2.312499999999984013e-02,1.473000000000000043e+01,-5.140625000000031974e-02
4.623800000000000182e+03,1.077941894531250000e+02,5.312500000000008882e-02,1.467999999999999972e+01,5.468749999999467093e-03
4.623899999999999636e+03,1.083251953125000000e+02,6.249999999998756550e-04,1.475000000000000000e+01,-1.257812500000099476e-02
4.624000000000000000e+03,1.073181152343750000e+02,1.062500000000010658e-02,1.506749999999999901e+01,8.749999999999147349e-03
4.624100000000000364e+03,1.066406250000000000e+02,3.312500000000007105e-02,1.471249999999999858e+01,-1.914062500000035527e-02
4.624199999999999818e+03,1.069152832031250000e+02,1.562500000000000000e-02,1.463500000000000156e+01,-3.171875000000046185e-02
4.624300000000000182e+03,1.063110351562500000e+02,5.562500000000003553e-02,1.486749999999999972e+01,8.203124999999644729e-03
4.624399999999999636e+03,1.069519042968750000e+02,2.562499999999978684e-02,1.491750000000000043e+01,-5.687500000000067502e-02
4.624500000000000000e+03,1.051208496093750000e+02,1.562500000000000000e-02,1.496750000000000114e+01,-2.734375000000088818e-02
4.624600000000000364e+03,1.050292968750000000e+02,-9.374999999999911182e-03,1.506749999999999901e+01,1.914062499999946709e-02
4.624699999999999818e+03,1.053222656250000000e+02,4.812499999999975131e-02,1.476999999999999957e+01,-2.953125000000067502e-02
4.624800000000000182e+03,1.047180175781250000e+02,1.562500000000000000e-02,1.492500000000000071e+01,5.468749999995026201e-04
4.624899999999999636e+03,1.041870117187500000e+02,2.812499999999973355e-02,1.480999999999999872e+01,1.804687499999957367e-02
4.625000000000000000e+03,1.036010742187500000e+02,2.062499999999989342e-02,1.490500000000000114e+01,-1.640625000000106581e-02
4.625100000000000364e+03,1.036193847656250000e+02,1.062500000000010658e-02,1.476750000000000185e+01,-2.406250000000031974e-02
4.625199999999999818e+03,1.038574218750000000e+02,1.062500000000010658e-02,1.481250000000000000e+01,-1.585937500000067502e-02
4.625300000000000182e+03,1.028869628906250000e+02,4.312499999999985789e-02,1.455250000000000199e+01,2.460937499999893419e-02
4.625399999999999636e+03,1.025390625000000000e+02,2.312499999999984013e-02,1.491750000000000043e+01,-4.976562500000092371e-02
4.625500000000000000e+03,1.022094726562500000e+02,1.062500000000010658e-02,1.473000000000000043e+01,-2.023437500000024869e-02
4.625600000000000364e+03,1.022094726562500000e+02,4.062499999999991118e-02,1.474749999999999872e+01,-1.859375000000085265e-02
4.625699999999999818e+03,1.025573730468750000e+02,5.062500000000014211e-02,1.466250000000000142e+01,-4.976562500000092371e-02
4.625800000000000182e+03,1.006347656250000000e+02,1.312500000000005329e-02,1.489999999999999858e+01,-1.804687500000046185e-02
4.625899999999999636e+03,1.010742187500000000e+02,3.562500000000001776e-02,1.471999999999999886e+01,-1.914062500000035527e-02
4.626000000000000000e+03,1.008178710937500000e+02,4.562499999999980460e-02,1.446000000000000085e+01,-1.859375000000085265e-02
4.626100000000000364e+03,1.007995605468750000e+02,3.312500000000007105e-02,1.473000000000000043e+01,-1.367187500000088818e-02
4.626199999999999818e+03,1.001770019531250000e+02,4.312499999999985789e-02,1.487750000000000128e+01,-1.203125000000060396e-02
4.626300000000000182e+03,9.911499023437500000e+01,3.062500000000012434e-02,1.475000000000000000e+01,-6.289062500000053291e-02
4.626399999999999636e+03,9.970092773437500000e+01,1.312500000000005329e-02,1.479749999999999943e+01,-6.562500000000071054e-02
4.626500000000000000e+03,9.944458007812500000e+01,3.062500000000012434e-02,1.490749999999999886e+01,-9.296875000000426326e-03
4.626600000000000364e+03,9.937133789062500000e+01,2.562499999999978684e-02,1.503750000000000142e+01,-1.093750000000071054e-02
4.626699999999999818e+03,9.845581054687500000e+01,2.812499999999973355e-02,1.475750000000000028e+01,-7.218750000000095923e-02
4.626800000000000182e+03,9.779663085937500000e+01,3.562500000000001776e-02,1.484750000000000014e+01,-7.820312500000081712e-02
4.626899999999999636e+03,9.836425781250000000e+01,4.312499999999985789e-02,1.486500000000000199e+01,-1.585937500000067502e-02
4.627000000000000000e+03,9.812622070312500000e+01,4.062499999999991118e-02,1.463250000000000028e+01,-1.257812500000099476e-02
4.627100000000000364e+03,9.700927734375000000e+01,3.562500000000001776e-02,1.467000000000000171e+01,-1.093750000000781597e-03
4.627199999999999818e+03,9.711914062500000000e+01,5.312500000000008882e-02,1.476000000000000156e+01,1.148437499999932498e-02
4.627300000000000182e+03,9.653320312500000000e+01,7.312500000000010658e-02,1.488500000000000156e+01,-5.031250000000042633e-02
4.627399999999999636e+03,9.708251953125000000e+01,1.312500000000005329e-02,1.488749999999999929e+01,-1.148437500000110134e-02
4.627500000000000000e+03,9.627685546875000000e+01,5.812499999999998224e-02,1.469000000000000128e+01,4.374999999999573674e-03
4.627600000000000364e+03,9.561767578125000000e+01,4.812499999999975131e-02,1.497749999999999915e+01,-5.851562500000095923e-02
4.627699999999999818e+03,9.589233398437500000e+01,3.062500000000012434e-02,1.484750000000000014e+01,2.187499999998898659e-03
4.627800000000000182e+03,9.532470703125000000e+01,8.124999999999715783e-03,1.476999999999999957e+01,-5.140625000000031974e-02
4.627899999999999636e+03,9.589233398437500000e+01,3.312500000000007105e-02,1.482250000000000156e+01,-2.296875000000042633e-02
4.628000000000000000e+03,9.455566406250000000e+01,3.062500000000012434e-02,1.482499999999999929e+01,-1.640625000000284217e-03
4.628100000000000364e+03,9.440917968750000000e+01,3.062500000000012434e-02,1.478000000000000114e+01,-5.468750000000088818e-02
4.628199999999999818e+03,9.470214843750000000e+01,1.312500000000005329e-02,1.518250000000000099e+01,-9.843750000000817124e-03
4.628300000000000182e+03,9.411621093750000000e+01,3.312500000000007105e-02,1.494750000000000156e+01,-2.953125000000067502e-02
4.628399999999999636e+03,9.380493164062500000e+01,1.312500000000005329e-02,1.481250000000000000e+01,3.226562499999907629e-02
4.628500000000000000e+03,9.329223632812500000e+01,1.312500000000005329e-02,1.456749999999999901e+01,-5.578125000000078160e-02
4.628600000000000364e+03,9.318237304687500000e+01,1.562500000000000000e-02,1.478000000000000114e+01,-4.921875000000852651e-03
4.628699999999999818e+03,9.347534179687500000e+01,1.562500000000000000e-02,1.487750000000000128e+01,-1.476562500000078160e-02
4.628800000000000182e+03,9.279785156250000000e+01,5.062500000000014211e-02,1.507750000000000057e+01,-2.296875000000042633e-02
4.628899999999999636e+03,9.230346679687500000e+01,3.812499999999996447e-02,1.493750000000000000e+01,-6.015625000000746070e-03
4.629000000000000000e+03,9.206542968750000000e+01,4.312499999999985789e-02,1.474000000000000199e+01,-3.335937500000074607e-02
4.629100000000000364e+03,9.197387695312500000e+01,2.812499999999973355e-02,1.492750000000000199e+01,-3.992187500000099476e-02
4.629199999999999818e+03,9.232177734375000000e+01,4.062499999999991118e-02,1.498750000000000071e+01,1.914062499999946709e-02
4.629300000000000182e+03,9.072875976562500000e+01,2.562499999999978684e-02,1.496999999999999886e+01,-1.968750000000074607e-02
4.629399999999999636e+03,9.116821289062500000e+01,4.812499999999975131e-02,1.492750000000000199e+01,-4.375000000000461853e-03
4.629500000000000000e+03,9.096679687500000000e+01,4.312499999999985789e-02,1.494999999999999929e+01,-7.656250000000053291e-02
4.629600000000000364e+03,9.093017578125000000e+01,3.124999999999822364e-03,1.488250000000000028e+01,-2.406250000000031974e-02
4.629699999999999818e+03,9.058227539062500000e+01,5.062500000000014211e-02,1.494750000000000156e+01,-4.484375000000095923e-02
4.629800000000000182e+03,8.952026367187500000e+01,3.062500000000012434e-02,1.476000000000000156e+01,-7.656250000001030287e-03
4.629899999999999636e+03,9.001464843750000000e+01,2.812499999999973355e-02,1.468250000000000099e+01,-1.914062500000035527e-02
4.630000000000000000e+03,8.986816406250000000e+01,1.062500000000010658e-02,1.487750000000000128e+01,-3.117187500000095923e-02
4.630100000000000364e+03,8.972167968750000000e+01,2.562499999999978684e-02,1.505750000000000099e+01,-3.937500000000060396e-02
4.630199999999999818e+03,8.913574218750000000e+01,5.562500000000003553e-02,1.500750000000000028e+01,-4.265625000000028422e-02
4.630300000000000182e+03,8.854980468750000000e+01,5.312500000000008882e-02,1.495749999999999957e+01,-1.039062500000031974e-02
4.630399999999999636e+03,8.902587890625000000e+01,2.562499999999978684e-02,1.502749999999999986e+01,-2.789062500000039080e-02
4.630500000000000000e+03,8.886108398437500000e+01,3.143750000000000711e-01,1.489000000000000057e+01,-8.640625000000046185e-02
4.630600000000000364e+03,8.801879882812500000e+01,2.812499999999973355e-02,1.488500000000000156e+01,-5.960937500000085265e-02
4.630699999999999818e+03,8.809204101562500000e+01,2.812499999999973355e-02,1.505750000000000099e+01,-6.234375000000103029e-02
4.630800000000000182e+03,8.754272460937500000e+01,1.312500000000005329e-02,1.457000000000000028e+01,-8.093750000000099476e-02
4.630899999999999636e+03,8.803710937500000000e+01,5.812499999999998224e-02,1.504749999999999943e+01,3.937499999999971578e-02
4.631000000000000000e+03,8.750610351562500000e+01,5.312500000000008882e-02,1.492750000000000199e+01,-2.296875000000042633e-02
4.631100000000000364e+03,8.671875000000000000e+01,3.812499999999996447e-02,1.513749999999999929e+01,-2.953125000000067502e-02
4.631199999999999818e+03,8.695678710937500000e+01,4.312499999999985789e-02,1.485500000000000043e+01,-4.101562500000088818e-02
4.631300000000000182e+03,8.646240234375000000e+01,2.562499999999978684e-02,1.482499999999999929e+01,-2.351562500000081712e-02
4.631399999999999636e+03,8.693847656250000000e+01,4.062499999999991118e-02,1.501999999999999957e+01,2.898437499999939604e-02
4.631500000000000000e+03,8.587646484375000000e+01,-9.374999999999911182e-03,1.487500000000000000e+01,-2.515625000000110134e-02
4.631600000000000364e+03,8.565673828125000000e+01,4.562499999999980460e-02,1.497749999999999915e+01,-3.664062500000042633e-02
4.631699999999999818e+03,8.594970703125000000e+01,4.312499999999985789e-02,1.509750000000000014e+01,1.203124999999971578e-02
4.631800000000000182e+03,8.540039062500000000e+01,4.562499999999980460e-02,1.478750000000000142e+01,1.640624999999396039e-03
4.631899999999999636e+03,8.538208007812500000e+01,8.124999999999715783e-03,1.478000000000000114e+01,-2.625000000000099476e-02
4.632000000000000000e+03,8.488769531250000000e+01,1.812499999999994671e-02,1.470250000000000057e+01,-8.203125000000532907e-03
4.632100000000000364e+03,8.475952148437500000e+01,3.562500000000001776e-02,1.478000000000000114e+01,-2.679687500000049738e-02
4.632199999999999818e+03,8.505249023437500000e+01,1.812499999999994671e-02,1.498000000000000043e+01,-5.140625000000031974e-02
4.632300000000000182e+03,8.450317382812500000e+01,4.562499999999980460e-02,1.478249999999999886e+01,-1.531250000000028422e-02
4.632399999999999636e+03,8.404541015625000000e+01,1.562500000000000000e-02,1.473000000000000043e+01,-3.445312500000063949e-02
4.632500000000000000e+03,8.384399414062500000e+01,2.062499999999989342e-02,1.488500000000000156e+01,4.921874999999076294e-03
4.632600000000000364e+03,8.375244140625000000e+01,1.812499999999994671e-02,1.492750000000000199e+01,8.749999999999147349e-03
4.632699999999999818e+03,8.406372070312500000e+01,1.562500000000000000e-02,1.456500000000000128e+01,-3.445312500000063949e-02
4.632800000000000182e+03,8.278198242187500000e+01,2.312499999999984013e-02,1.478000000000000114e+01,-8.914062500000063949e-02
4.632899999999999636e+03,8.312988281250000000e+01,6.562499999999982236e-02,1.467249999999999943e+01,-4.867187500000103029e-02
4.633000000000000000e+03,8.291015625000000000e+01,3.312500000000007105e-02,1.473750000000000071e+01,-7.656250000001030287e-03
4.633100000000000364e+03,8.283691406250000000e+01,3.312500000000007105e-02,1.492750000000000199e+01,-1.640625000000284217e-03
4.633199999999999818e+03,8.276367187500000000e+01,4.062499999999991118e-02,1.483500000000000085e+01,-9.296875000000426326e-03
4.633300000000000182e+03,8.175659179687500000e+01,4.562499999999980460e-02,1.474000000000000199e+01,-3.281250000000035527e-02
4.633399999999999636e+03,8.221435546875000000e+01,3.812499999999996447e-02,1.503750000000000142e+01,-2.679687500000049738e-02
4.633500000000000000e+03,8.204956054687500000e+01,3.312500000000007105e-02,1.458500000000000085e+01,-3.390625000000024869e-02
4.633600000000000364e+03,8.199462890625000000e+01,6.562499999999982236e-02,1.482750000000000057e+01,-3.171875000000046185e-02
4.633699999999999818e+03,8.144531250000000000e+01,8.124999999999715783e-03,1.462249999999999872e+01,1.640624999999396039e-03
4.633800000000000182e+03,8.082275390625000000e+01,3.312500000000007105e-02,1.484750000000000014e+01,-2.789062500000039080e-02
4.633899999999999636e+03,8.131713867187500000e+01,3.312500000000007105e-02,1.486749999999999972e+01,1.968749999999896971e-02
4.634000000000000000e+03,8.113403320312500000e+01,2.062499999999989342e-02,1.487000000000000099e+01,-4.539062500000046185e-02
4.634100000000000364e+03,8.045654296875000000e+01,-1.687500000000019540e-02,1.483500000000000085e+01,-5.359375000000099476e-02
4.634199999999999818e+03,8.047485351562500000e+01,6.062499999999992895e-02,1.477749999999999986e+01,-3.828125000000959233e-03
4.634300000000000182e+03,7.994384765625000000e+01,4.812499999999975131e-02,1.478999999999999915e+01,-4.757812500000024869e-02
4.634399999999999636e+03,8.040161132812500000e+01,-6.874999999999964473e-03,1.503999999999999915e+01,-4.976562500000092371e-02
4.634500000000000000e+03,8.020019531250000000e+01,1.812499999999994671e-02,1.483500000000000085e+01,7.656249999999253930e-03
4.634600000000000364e+03,7.928466796875000000e+01,2.062499999999989342e-02,1.476750000000000185e+01,-2.843750000000078160e-02
4.634699999999999818e+03,7.955932617187500000e+01,3.312500000000007105e-02,1.480999999999999872e+01,-5.468750000003907985e-04
4.634800000000000182e+03,7.902832031250000000e+01,3.562500000000001776e-02,1.492500000000000071e+01,1.914062499999946709e-02
4.634899999999999636e+03,7.950439453125000000e+01,5.062500000000014211e-02,1.489499999999999957e+01,4.320312499999889866e-02
4.635000000000000000e+03,7.869873046875000000e+01,-2.187500000000008882e-02,1.486500000000000199e+01,-9.296875000000426326e-03
4.635100000000000364e+03,7.846069335937500000e+01,3.812499999999996447e-02,1.483749999999999858e+01,5.468749999995026201e-04
4.635199999999999818e+03,7.877197265625000000e+01,4.812499999999975131e-02,1.496750000000000114e+01,-8.585937500000095923e-02
4.635300000000000182e+03,7.824096679687500000e+01,1.312500000000005329e-02,1.464250000000000185e+01,-4.484375000000095923e-02
4.635399999999999636e+03,7.836914062500000000e+01,1.181250000000000355e-01,1.467999999999999972e+01,-2.953125000000067502e-02
4.635500000000000000e+03,7.778320312500000000e+01,1.312500000000005329e-02,1.487500000000000000e+01,-5.578125000000078160e-02
4.635600000000000364e+03,7.765502929687500000e+01,4.062499999999991118e-02,1.487750000000000128e+01,-3.828125000000959233e-03
4.635699999999999818e+03,7.796630859375000000e+01,3.812499999999996447e-02,1.483500000000000085e+01,-6.726562500000099476e-02
4.635800000000000182e+03,7.745361328125000000e+01,2.562499999999978684e-02,1.481250000000000000e+01,-1.804687500000046185e-02
4.635899999999999636e+03,7.712402343750000000e+01,2.562499999999978684e-02,1.476999999999999957e+01,-2.023437500000024869e-02
4.636000000000000000e+03,7.695922851562500000e+01,2.812499999999973355e-02,1.471249999999999858e+01,-4.812500000000063949e-02
4.636100000000000364e+03,7.684936523437500000e+01,2.812499999999973355e-02,1.492249999999999943e+01,-3.937500000000060396e-02
4.636199999999999818e+03,7.710571289062500000e+01,3.562500000000001776e-02,1.483500000000000085e+01,-5.195312500000071054e-02
4.636300000000000182e+03,7.604370117187500000e+01,4.562499999999980460e-02,1.481250000000000000e+01,-7.710937500000092371e-02
4.636399999999999636e+03,7.626342773437500000e+01,4.812499999999975131e-02,1.469000000000000128e+01,-4.648437500000035527e-02
4.636500000000000000e+03,7.615356445312500000e+01,1.312500000000005329e-02,1.480000000000000071e+01,-6.945312500000078160e-02
4.636600000000000364e+03,7.608032226562500000e+01,3.312500000000007105e-02,1.479250000000000043e+01,2.406249999999943157e-02
4.636699999999999818e+03,7.622680664062500000e+01,2.812499999999973355e-02,1.473250000000000171e+01,-4.320312500000067502e-02
4.636800000000000182e+03,7.514648437500000000e+01,1.062500000000010658e-02,1.474249999999999972e+01,1.039062499999943157e-02
4.636899999999999636e+03,7.558593750000000000e+01,2.812499999999973355e-02,1.464499999999999957e+01,-4.210937500000078160e-02
4.637000000000000000e+03,7.547607421875000000e+01,3.062500000000012434e-02,1.476249999999999929e+01,-1.695312500000056843e-02
4.637100000000000364e+03,7.532958984375000000e+01,3.124999999999822364e-03,1.476000000000000156e+01,-2.843750000000078160e-02
4.637199999999999818e+03,7.494506835937500000e+01,5.062500000000014211e-02,1.474500000000000099e+01,-3.609375000000092371e-02
4.637300000000000182e+03,7.435913085937500000e+01,2.062499999999989342e-02,1.510750000000000171e+01,-3.281250000000035527e-02
4.637399999999999636e+03,7.478027343750000000e+01,3.812499999999996447e-02,1.485750000000000171e+01,-3.882812500000110134e-02
4.637500000000000000e+03,7.465209960937500000e+01,3.812499999999996447e-02,1.471000000000000085e+01,-9.843750000000817124e-03
4.637600000000000364e+03,7.419433593750000000e+01,1.562500000000000000e-02,1.476000000000000156e+01,-1.093750000000781597e-03
4.637699999999999818e+03,7.412109375000000000e+01,5.062500000000014211e-02,1.456250000000000000e+01,-1.695312500000056843e-02
4.637800000000000182e+03,7.362670898437500000e+01,3.125000000000000000e-02,1.453249999999999886e+01,-1.093750000000071054e-02
4.637899999999999636e+03,7.408447265625000000e+01,5.312500000000008882e-02,1.477250000000000085e+01,-8.881784197001252323e-16
4.638000000000000000e+03,7.393798828125000000e+01,5.312500000000008882e-02,1.490500000000000114e+01,-5.359375000000099476e-02
4.638100000000000364e+03,7.320556640625000000e+01,2.062499999999989342e-02,1.473000000000000043e+01,-7.820312500000081712e-02
4.638199999999999818e+03,7.342529296875000000e+01,5.062500000000014211e-02,1.483749999999999858e+01,-4.265625000000028422e-02
4.638300000000000182e+03,7.294921875000000000e+01,4.312499999999985789e-02,1.484499999999999886e+01,-3.445312500000063949e-02
4.638399999999999636e+03,7.338867187500000000e+01,1.062500000000010658e-02,1.493750000000000000e+01,-3.718750000000081712e-02
4.638500000000000000e+03,7.272949218750000000e+01,1.562500000000000000e-02,1.489499999999999957e+01,-6.507812500000031974e-02
4.638600000000000364e+03,7.243652343750000000e+01,4.062499999999991118e-02,1.478249999999999886e+01,-5.085937500000081712e-02
4.638699999999999818e+03,7.272949218750000000e+01,4.812499999999975131e-02,1.497749999999999915e+01,-3.281250000000568434e-03
4.638800000000000182e+03,7.225341796875000000e+01,3.812499999999996447e-02,1.490749999999999886e+01,-2.132812500000103029e-02
4.638899999999999636e+03,7.258300781250000000e+01,5.312500000000008882e-02,1.466000000000000014e+01,-5.031250000000042633e-02
4.639000000000000000e+03,7.185058593750000000e+01,2.312499999999984013e-02,1.480000000000000071e+01,-3.937500000000060396e-02
4.639100000000000364e+03,7.174072265625000000e+01,2.062499999999989342e-02,1.513749999999999929e+01,-1.968750000000074607e-02
4.639199999999999818e+03,7.201538085937500000e+01,2.562499999999978684e-02,1.487249999999999872e+01,-2.187500000000675016e-03
4.639300000000000182e+03,7.150268554687500000e+01,1.062500000000010658e-02,1.483500000000000085e+01,-6.562500000000071054e-02
4.639399999999999636e+03,7.131958007812500000e+01,4.312499999999985789e-02,1.485750000000000171e+01,-5.195312500000071054e-02
4.639500000000000000e+03,7.117309570312500000e+01,1.562500000000000000e-02,1.471999999999999886e+01,-5.195312500000071054e-02
4.639600000000000364e+03,7.104492187500000000e+01,3.812499999999996447e-02,1.488749999999999929e+01,-5.085937500000081712e-02
4.639699999999999818e+03,7.137451171875000000e+01,1.049999999999999822e-01,1.484750000000000014e+01,-1.531250000000028422e-02
4.639800000000000182e+03,7.042236328125000000e+01,5.624999999999769074e-03,1.488749999999999929e+01,-3.007812500000106581e-02
4.639899999999999636e+03,7.058715820312500000e+01,5.312500000000008882e-02,1.487500000000000000e+01,-3.062500000000056843e-02
4.640000000000000000e+03,7.045898437500000000e+01,3.812499999999996447e-02,1.476249999999999929e+01,-6.726562500000099476e-02
4.640100000000000364e+03,7.033081054687500000e+01,1.312500000000005329e-02,1.481250000000000000e+01,-2.953125000000067502e-02
4.640199999999999818e+03,7.060546875000000000e+01,4.812499999999975131e-02,1.484250000000000114e+01,-5.195312500000071054e-02
4.640300000000000182e+03,6.956176757812500000e+01,2.312499999999984013e-02,1.497749999999999915e+01,-3.335937500000074607e-02
4.640399999999999636e+03,7.000122070312500000e+01,3.062500000000012434e-02,1.487750000000000128e+01,-4.484375000000095923e-02
4.640500000000000000e+03,6.987304687500000000e+01,-6.625000000000014211e-02,1.482499999999999929e+01,-1.044531250000009237e-01
4.640600000000000364e+03,6.974487304687500000e+01,3.812499999999996447e-02,1.490749999999999886e+01,-5.085937500000081712e-02
4.640699999999999818e+03,6.956176757812500000e+01,3.562500000000001776e-02,1.488749999999999929e+01,3.335937499999896971e-02
4.640800000000000182e+03,6.892089843750000000e+01,2.062499999999989342e-02,1.488749999999999929e+01,-8.093750000000099476e-02
4.640899999999999636e+03,6.941528320312500000e+01,4.562499999999980460e-02,1.488749999999999929e+01,-4.375000000000461853e-03
4.641000000000000000e+03,6.928710937500000000e+01,1.812499999999994671e-02,1.480999999999999872e+01,-5.578125000000078160e-02
4.641100000000000364e+03,6.895751953125000000e+01,5.062500000000014211e-02,1.486500000000000199e+01,-2.734375000001065814e-03
4.641199999999999818e+03,6.871948242187500000e+01,2.812499999999973355e-02,1.479250000000000043e+01,3.828124999999182876e-03
4.641300000000000182e+03,6.824340820312500000e+01,5.062500000000014211e-02,1.483999999999999986e+01,-5.304687500000060396e-02
4.641399999999999636e+03,6.866455078125000000e+01,1.562500000000000000e-02,1.474000000000000199e+01,1.367187499999911182e-02
4.641500000000000000e+03,6.855468750000000000e+01,2.062499999999989342e-02,1.473250000000000171e+01,-3.664062500000042633e-02
4.641600000000000364e+03,6.842651367187500000e+01,4.812499999999975131e-02,1.469500000000000028e+01,-2.242187500000092371e-02
4.641699999999999818e+03,6.870117187500000000e+01,4.062499999999991118e-02,1.484250000000000114e+01,-4.539062500000046185e-02
4.641800000000000182e+03,6.826171875000000000e+01,4.812499999999975131e-02,1.476750000000000185e+01,-2.953125000000067502e-02
4.641899999999999636e+03,6.864624023437500000e+01,4.312499999999985789e-02,1.484499999999999886e+01,-6.835937500000088818e-02
4.642000000000000000e+03,6.855468750000000000e+01,4.312499999999985789e-02,1.487999999999999901e+01,-2.406250000000031974e-02
4.642100000000000364e+03,6.844482421875000000e+01,3.812499999999996447e-02,1.490249999999999986e+01,-5.687500000000067502e-02
4.642199999999999818e+03,6.870117187500000000e+01,1.124999999999998224e-01,1.460249999999999915e+01,-8.203125000000532907e-03
4.642300000000000182e+03,6.824340820312500000e+01,4.062499999999991118e-02,1.496999999999999886e+01,8.203124999999644729e-03
4.642399999999999636e+03,6.871948242187500000e+01,4.407499999999999751e+00,1.491750000000000043e+01,1.806710937500000114e+01
4.642500000000000000e+03,6.990966796875000000e+01,3.387500000000000178e+00,1.476999999999999957e+01,1.552632812500000092e+01
4.642600000000000364e+03,6.983642578125000000e+01,3.399999999999999911e+00,1.518250000000000099e+01,1.551867187500000078e+01
4.642699999999999818e+03,7.012939453125000000e+01,3.452500000000000124e+00,1.487249999999999872e+01,1.550828125000000135e+01
4.642800000000000182e+03,6.965332031250000000e+01,3.430000000000000160e+00,1.478000000000000114e+01,1.549570312500000036e+01
4.642899999999999636e+03,7.274780273437500000e+01,3.467500000000000249e+00,1.467000000000000171e+01,1.550117187500000071e+01
4.643000000000000000e+03,7.311401367187500000e+01,3.472500000000000142e+00,1.486500000000000199e+01,1.550226562500000149e+01
4.643100000000000364e+03,7.305908203125000000e+01,3.470000000000000195e+00,1.509499999999999886e+01,1.551757812500000000e+01
4.643199999999999818e+03,7.333374023437500000e+01,3.475000000000000089e+00,1.500750000000000028e+01,1.549679687500000114e+01
4.643300000000000182e+03,7.467041015625000000e+01,3.504999999999999893e+00,1.491750000000000043e+01,1.547820312500000028e+01
4.643399999999999636e+03,7.798461914062500000e+01,3.507500000000000284e+00,1.485750000000000171e+01,1.549625000000000163e+01
4.643500000000000000e+03,7.794799804687500000e+01,3.535000000000000142e+00,1.469000000000000128e+01,1.554820312500000057e+01
4.643600000000000364e+03,7.783813476562500000e+01,3.520000000000000018e+00,1.475750000000000028e+01,1.552796875000000121e+01
4.643699999999999818e+03,7.813110351562500000e+01,3.572499999999999787e+00,1.469999999999999929e+01,1.551484375000000071e+01
4.643800000000000182e+03,8.316650390625000000e+01,3.572499999999999787e+00,1.509750000000000014e+01,1.548367187500000064e+01
4.643899999999999636e+03,8.408203125000000000e+01,3.560000000000000053e+00,1.493750000000000000e+01,1.547875000000000156e+01
4.644000000000000000e+03,8.391723632812500000e+01,3.564999999999999947e+00,1.484499999999999886e+01,1.546781250000000085e+01
4.644100000000000364e+03,8.388061523437500000e+01,3.600000000000000089e+00,1.505000000000000071e+01,1.549570312500000036e+01
4.644199999999999818e+03,8.787231445312500000e+01,3.555000000000000160e+00,1.508000000000000185e+01,1.547546875000000099e+01
4.644300000000000182e+03,8.873291015625000000e+01,3.572499999999999787e+00,1.475750000000000028e+01,1.549132812500000078e+01
4.644399999999999636e+03,8.930053710937500000e+01,3.647499999999999964e+00,1.492000000000000171e+01,1.547328125000000121e+01
4.644500000000000000e+03,8.908081054687500000e+01,3.617500000000000160e+00,1.494000000000000128e+01,1.549843750000000142e+01
4.644600000000000364e+03,8.992309570312500000e+01,3.662500000000000089e+00,1.490749999999999886e+01,1.554601562500000078e+01
4.644699999999999818e+03,9.362182617187500000e+01,3.657499999999999751e+00,1.490749999999999886e+01,1.549296875000000107e+01
4.644800000000000182e+03,9.320068359375000000e+01,3.685000000000000053e+00,1.468750000000000000e+01,1.553453125000000057e+01
4.644899999999999636e+03,9.375000000000000000e+01,3.695000000000000284e+00,1.495749999999999957e+01,1.548039062500000007e+01
4.645000000000000000e+03,9.349365234375000000e+01,3.680000000000000160e+00,1.480000000000000071e+01,1.551265625000000092e+01
4.645100000000000364e+03,9.673461914062500000e+01,3.717500000000000249e+00,1.485500000000000043e+01,1.551757812500000000e+01
4.645199999999999818e+03,9.744873046875000000e+01,3.717500000000000249e+00,1.500750000000000028e+01,1.551101562500000064e+01
4.645300000000000182e+03,9.689941406250000000e+01,3.727500000000000036e+00,1.484250000000000114e+01,1.550226562500000149e+01
4.645399999999999636e+03,9.746704101562500000e+01,3.752499999999999947e+00,1.465749999999999886e+01,1.550171875000000021e+01
4.645500000000000000e+03,9.922485351562500000e+01,3.687500000000000000e+00,1.480499999999999972e+01,1.550718750000000057e+01
4.645600000000000364e+03,1.005798339843750000e+02,3.754999999999999893e+00,1.481250000000000000e+01,1.546781250000000085e+01
4.645699999999999818e+03,1.008544921875000000e+02,3.805000000000000160e+00,1.509750000000000014e+01,1.545960937500000121e+01
4.645800000000000182e+03,1.003051757812500000e+02,3.790000000000000036e+00,1.455250000000000199e+01,1.546507812500000156e+01
4.645899999999999636e+03,1.009094238281250000e+02,3.787500000000000089e+00,1.471249999999999858e+01,1.545468750000000036e+01
4.646000000000000000e+03,1.035644531250000000e+02,3.782499999999999751e+00,1.496750000000000114e+01,1.552796875000000121e+01
4.646100000000000364e+03,1.038391113281250000e+02,3.817499999999999893e+00,1.455250000000000199e+01,1.546835937500000036e+01
4.646199999999999818e+03,1.040954589843750000e+02,3.834999999999999964e+00,1.468250000000000099e+01,1.545632812500000064e+01
4.646300000000000182e+03,1.034912109375000000e+02,3.830000000000000071e+00,1.480250000000000199e+01,1.548804687500000021e+01
4.646399999999999636e+03,1.066040039062500000e+02,3.867500000000000160e+00,1.490749999999999886e+01,1.546890625000000163e+01
4.646500000000000000e+03,1.067138671875000000e+02,3.854999999999999982e+00,1.492750000000000199e+01,1.543609375000000128e+01
4.646600000000000364e+03,1.068786621093750000e+02,3.890000000000000124e+00,1.477250000000000085e+01,1.554437500000000050e+01
4.646699999999999818e+03,1.071350097656250000e+02,3.882500000000000284e+00,1.480250000000000199e+01,1.545632812500000064e+01
4.646800000000000182e+03,1.075927734375000000e+02,3.877499999999999947e+00,1.490749999999999886e+01,1.556406250000000036e+01
4.646899999999999636e+03,1.099731445312500000e+02,3.915000000000000036e+00,1.483500000000000085e+01,1.549296875000000107e+01
4.647000000000000000e+03,1.096618652343750000e+02,3.937500000000000000e+00,1.490749999999999886e+01,1.548585937500000043e+01
4.647100000000000364e+03,1.097717285156250000e+02,4.105000000000000426e+00,1.476999999999999957e+01,1.548203125000000036e+01
4.647199999999999818e+03,1.100097656250000000e+02,4.117499999999999716e+00,1.495500000000000185e+01,1.552851562500000071e+01
4.647300000000000182e+03,1.120605468750000000e+02,4.099999999999999645e+00,1.478999999999999915e+01,1.549515625000000085e+01
4.647399999999999636e+03,1.129211425781250000e+02,4.352500000000000036e+00,1.489000000000000057e+01,1.552085937500000057e+01
4.647500000000000000e+03,1.125732421875000000e+02,4.207499999999999574e+00,1.480000000000000071e+01,1.551976562500000156e+01
4.647600000000000364e+03,1.126831054687500000e+02,4.214999999999999858e+00,1.507750000000000057e+01,1.549898437500000092e+01
4.647699999999999818e+03,1.151367187500000000e+02,4.200000000000000178e+00,1.494999999999999929e+01,1.541914062500000071e+01
4.647800000000000182e+03,1.152648925781250000e+02,4.224999999999999645e+00,1.467000000000000171e+01,1.551648437500000099e+01
4.647899999999999636e+03,1.159057617187500000e+02,4.247500000000000497e+00,1.480999999999999872e+01,1.550281250000000099e+01
4.648000000000000000e+03,1.155212402343750000e+02,4.277499999999999858e+00,1.503999999999999915e+01,1.552195312500000135e+01
4.648100000000000364e+03,1.164550781250000000e+02,4.316874999999999574e+00,1.505750000000000099e+01,1.546453125000000028e+01
4.648199999999999818e+03,1.186889648437500000e+02,4.274375000000000036e+00,1.499749999999999872e+01,1.553726562500000163e+01
4.648300000000000182e+03,1.181762695312500000e+02,4.278750000000000497e+00,1.490500000000000114e+01,1.553507812500000007e+01
4.648399999999999636e+03,1.188354492187500000e+02,4.308749999999999858e+00,1.484750000000000014e+01,1.544375000000000142e+01
4.648500000000000000e+03,1.183776855468750000e+02,4.309375000000000178e+00,1.478249999999999886e+01,1.554929687500000135e+01
4.648600000000000364e+03,1.211975097656250000e+02,4.332499999999999574e+00,1.485500000000000043e+01,1.551812500000000128e+01
4.648699999999999818e+03,1.217102050781250000e+02,4.347500000000000142e+00,1.482499999999999929e+01,1.552031250000000107e+01
4.648800000000000182e+03,1.211059570312500000e+02,4.370000000000000107e+00,1.487500000000000000e+01,1.547218750000000043e+01
4.648899999999999636e+03,1.217834472656250000e+02,4.405000000000000249e+00,1.464499999999999957e+01,1.553289062500000028e+01
4.649000000000000000e+03,1.231933593750000000e+02,4.384999999999999787e+00,1.488500000000000156e+01,1.549242187500000156e+01
4.649100000000000364e+03,1.243835449218750000e+02,4.432500000000000107e+00,1.477250000000000085e+01,1.548039062500000007e+01
4.649199999999999818e+03,1.246215820312500000e+02,4.405000000000000249e+00,1.482499999999999929e+01,1.556843749999999993e+01
4.649300000000000182e+03,1.240173339843750000e+02,4.405000000000000249e+00,1.488500000000000156e+01,1.545796875000000092e+01
4.649399999999999636e+03,1.249145507812500000e+02,4.427500000000000213e+00,1.487249999999999872e+01,1.547710937500000128e+01
4.649500000000000000e+03,1.268371582031250000e+02,4.482499999999999929e+00,1.492750000000000199e+01,1.551429687500000121e+01
4.649600000000000364e+03,1.271667480468750000e+02,4.485000000000000320e+00,1.506500000000000128e+01,1.547492187500000149e+01
4.649699999999999818e+03,1.274230957031250000e+02,4.457499999999999574e+00,1.486749999999999972e+01,1.553125000000000000e+01
4.649800000000000182e+03,1.268371582031250000e+02,4.544999999999999929e+00,1.478999999999999915e+01,1.550554687500000028e+01
4.649899999999999636e+03,1.299316406250000000e+02,4.535000000000000142e+00,1.492500000000000071e+01,1.556132812500000107e+01
4.650000000000000000e+03,1.297668457031250000e+02,4.540000000000000036e+00,1.482000000000000028e+01,1.549132812500000078e+01
4.650100000000000364e+03,1.300598144531250000e+02,4.560000000000000497e+00,1.487249999999999872e+01,1.551429687500000121e+01
4.650199999999999818e+03,1.301879882812500000e+02,4.587500000000000355e+00,1.469750000000000156e+01,1.550554687500000028e+01
4.650300000000000182e+03,1.310119628906250000e+02,4.570000000000000284e+00,1.498750000000000071e+01,1.552906250000000021e+01
4.650399999999999636e+03,1.329162597656250000e+02,4.589999999999999858e+00,1.496499999999999986e+01,1.553289062500000028e+01
4.650500000000000000e+03,1.324768066406250000e+02,4.612499999999999822e+00,1.474249999999999972e+01,1.553562500000000135e+01
4.650600000000000364e+03,1.327514648437500000e+02,4.610000000000000320e+00,1.480999999999999872e+01,1.551320312500000043e+01
4.650699999999999818e+03,1.329162597656250000e+02,4.700000000000000178e+00,1.478999999999999915e+01,1.549460937500000135e+01
4.650800000000000182e+03,1.349853515625000000e+02,4.669999999999999929e+00,1.506749999999999901e+01,1.551921875000000028e+01
4.650899999999999636e+03,1.358093261718750000e+02,4.732499999999999929e+00,1.489750000000000085e+01,1.552578125000000142e+01
4.651000000000000000e+03,1.352600097656250000e+02,4.746875000000000178e+00,1.474000000000000199e+01,1.551320312500000043e+01
4.651100000000000364e+03,1.355163574218750000e+02,4.738125000000000142e+00,1.480250000000000199e+01,1.547328125000000121e+01
4.651199999999999818e+03,1.380065917968750000e+02,4.761250000000000426e+00,1.493750000000000000e+01,1.548093750000000135e+01
4.651300000000000182e+03,1.379333496093750000e+02,4.692499999999999893e+00,1.501999999999999957e+01,1.552140625000000007e+01
4.651399999999999636e+03,1.386291503906250000e+02,4.761250000000000426e+00,1.503750000000000142e+01,1.544320312500000014e+01
4.651500000000000000e+03,1.380432128906250000e+02,4.793750000000000178e+00,1.493499999999999872e+01,1.553890625000000014e+01
4.651600000000000364e+03,1.396179199218750000e+02,5.183749999999999858e+00,1.493750000000000000e+01,1.555367187500000092e+01
4.651699999999999818e+03,1.412658691406250000e+02,4.858125000000000249e+00,1.481250000000000000e+01,1.545414062500000085e+01
4.651800000000000182e+03,1.407348632812500000e+02,4.851874999999999716e+00,1.491499999999999915e+01,1.549187500000000028e+01
4.651899999999999636e+03,1.414306640625000000e+02,4.817499999999999893e+00,1.490749999999999886e+01,1.550554687500000028e+01
4.652000000000000000e+03,1.408447265625000000e+02,4.856875000000000497e+00,1.480250000000000199e+01,1.550500000000000078e+01
4.652100000000000364e+03,1.436828613281250000e+02,4.893749999999999822e+00,1.481250000000000000e+01,1.550226562500000149e+01
4.652199999999999818e+03,1.439941406250000000e+02,4.941250000000000142e+00,1.487750000000000128e+01,1.549406250000000007e+01
4.652300000000000182e+03,1.434448242187500000e+02,4.910000000000000142e+00,1.461250000000000071e+01,1.551046875000000114e+01
4.652399999999999636e+03,1.441406250000000000e+02,4.916249999999999787e+00,1.478000000000000114e+01,1.551484375000000071e+01
4.652500000000000000e+03,1.456970214843750000e+02,4.924999999999999822e+00,1.476000000000000156e+01,1.550062500000000121e+01
4.652600000000000364e+03,1.466857910156250000e+02,4.950000000000000178e+00,1.507750000000000057e+01,1.548968750000000050e+01
4.652699999999999818e+03,1.467956542968750000e+02,4.945000000000000284e+00,1.510750000000000171e+01,1.550390625000000000e+01
4.652800000000000182e+03,1.462463378906250000e+02,4.994374999999999787e+00,1.480250000000000199e+01,1.550500000000000078e+01
4.652899999999999636e+03,1.478210449218750000e+02,5.161249999999999893e+00,1.505750000000000099e+01,1.547820312500000028e+01
4.653000000000000000e+03,1.489379882812500000e+02,4.991875000000000284e+00,1.482499999999999929e+01,1.553507812500000007e+01
4.653100000000000364e+03,1.493957519531250000e+02,5.021874999999999645e+00,1.483749999999999858e+01,1.546398437500000078e+01
4.653199999999999818e+03,1.494873046875000000e+02,4.996875000000000178e+00,1.506749999999999901e+01,1.552468750000000064e+01
4.653300000000000182e+03,1.489746093750000000e+02,5.044375000000000497e+00,1.478249999999999886e+01,1.553835937500000064e+01
4.653399999999999636e+03,1.521240234375000000e+02,5.061250000000000249e+00,1.487750000000000128e+01,1.550171875000000021e+01
4.653500000000000000e+03,1.516845703125000000e+02,5.103749999999999787e+00,1.486749999999999972e+01,1.553234375000000078e+01
4.653600000000000364e+03,1.520874023437500000e+02,5.113125000000000142e+00,1.505750000000000099e+01,1.549570312500000036e+01
4.653699999999999818e+03,1.521789550781250000e+02,5.138749999999999929e+00,1.499000000000000199e+01,1.547601562500000050e+01
4.653800000000000182e+03,1.537353515625000000e+02,5.143750000000000711e+00,1.488749999999999929e+01,1.551265625000000092e+01
4.653899999999999636e+03,1.551635742187500000e+02,5.163750000000000284e+00,1.486500000000000199e+01,1.549625000000000163e+01
4.654000000000000000e+03,1.545410156250000000e+02,5.221249999999999503e+00,1.507750000000000057e+01,1.547273437499999993e+01
4.654100000000000364e+03,1.549438476562500000e+02,5.208750000000000213e+00,1.480999999999999872e+01,1.550062500000000121e+01
4.654199999999999818e+03,1.556030273437500000e+02,5.209999999999999964e+00,1.507750000000000057e+01,1.552687500000000043e+01
4.654300000000000182e+03,1.571960449218750000e+02,5.266249999999999432e+00,1.499749999999999872e+01,1.550882812500000085e+01
4.654399999999999636e+03,1.579650878906250000e+02,5.274375000000000036e+00,1.499749999999999872e+01,1.549734375000000064e+01
4.654500000000000000e+03,1.573242187500000000e+02,5.311875000000000568e+00,1.486250000000000071e+01,1.552359375000000163e+01
4.654600000000000364e+03,1.577819824218750000e+02,5.602500000000000036e+00,1.503750000000000142e+01,1.547710937500000128e+01
4.654699999999999818e+03,1.605468750000000000e+02,5.667500000000000426e+00,1.494500000000000028e+01,1.549570312500000036e+01
4.654800000000000182e+03,1.604003906250000000e+02,5.734375000000000000e+00,1.494750000000000156e+01,1.548531250000000092e+01
4.654899999999999636e+03,1.610595703125000000e+02,5.836249999999999716e+00,1.502749999999999986e+01,1.542460937500000107e+01
4.655000000000000000e+03,1.604003906250000000e+02,5.851250000000000284e+00,1.500750000000000028e+01,1.553289062500000028e+01
4.655100000000000364e+03,1.632934570312500000e+02,5.971249999999999503e+00,1.491499999999999915e+01,1.549023437500000000e+01
4.655199999999999818e+03,1.643737792968750000e+02,6.013749999999999929e+00,1.498750000000000071e+01,1.551593750000000149e+01
4.655300000000000182e+03,1.639892578125000000e+02,6.189375000000000071e+00,1.493750000000000000e+01,1.550500000000000078e+01
4.655399999999999636e+03,1.646850585937500000e+02,6.278125000000000178e+00,1.489499999999999957e+01,1.547984375000000057e+01
4.655500000000000000e+03,1.648681640625000000e+02,6.458124999999999893e+00,1.474249999999999972e+01,1.550500000000000078e+01
4.655600000000000364e+03,1.686584472656250000e+02,6.550625000000000142e+00,1.482499999999999929e+01,1.554546875000000128e+01
4.655699999999999818e+03,1.686950683593750000e+02,6.506874999999999964e+00,1.484499999999999886e+01,1.552140625000000007e+01
4.655800000000000182e+03,1.683288574218750000e+02,7.032499999999999751e+00,1.488749999999999929e+01,1.549679687500000114e+01
4.655899999999999636e+03,1.689880371093750000e+02,7.427500000000000213e+00,1.480999999999999872e+01,1.549625000000000163e+01
4.656000000000000000e+03,1.737304687500000000e+02,7.867499999999999716e+00,1.467249999999999943e+01,1.547164062500000092e+01
4.656100000000000364e+03,1.748657226562500000e+02,inf,1.438749999999999929e+01,1.549406250000000007e+01
4.656199999999999818e+03,1.748107910156250000e+02,inf,1.405750000000000099e+01,1.537429687500000064e+01
4.656300000000000182e+03,1.744262695312500000e+02,inf,1.405499999999999972e+01,1.546562500000000107e+01
4.656399999999999636e+03,1.809814453125000000e+02,inf,1.419750000000000156e+01,1.544046875000000085e+01
4.656500000000000000e+03,1.825561523437500000e+02,inf,1.424749999999999872e+01,1.544703125000000021e+01
4.656600000000000364e+03,1.832153320312500000e+02,inf,1.435249999999999915e+01,1.558593750000000000e+01
4.656699999999999818e+03,1.830688476562500000e+02,inf,1.460000000000000142e+01,1.544320312500000014e+01
4.656800000000000182e+03,1.843872070312500000e+02,inf,1.447250000000000014e+01,1.550007812499999993e+01
4.656899999999999636e+03,1.920776367187500000e+02,inf,1.425250000000000128e+01,1.546179687500000099e+01
4.657000000000000000e+03,1.916381835937500000e+02,inf,1.451249999999999929e+01,1.549898437500000092e+01
4.657100000000000364e+03,1.922790527343750000e+02,inf,1.462750000000000128e+01,1.545468750000000036e+01
4.657199999999999818e+03,1.920043945312500000e+02,inf,1.451000000000000156e+01,1.551210937500000142e+01
4.657300000000000182e+03,1.953369140625000000e+02,inf,1.440749999999999886e+01,1.542679687500000085e+01
4.657399999999999636e+03,1.964172363281250000e+02,inf,1.459250000000000114e+01,1.511179687500000135e+01
4.657500000000000000e+03,1.957214355468750000e+02,1.051874999999999893e+00,-4.000000000000003553e-02,1.548804687500000021e+01
4.657600000000000364e+03,1.962524414062500000e+02,4.062499999999991118e-02,2.099999999999999645e-01,-5.140625000000031974e-02
4.657699999999999818e+03,1.960693359375000000e+02,3.124999999999822364e-03,-1.000000000000000888e-02,-6.890625000000039080e-02
4.657800000000000182e+03,1.959045410156250000e+02,7.812500000000000000e-02,1.499999999999999112e-01,-3.500000000000103029e-02
4.657899999999999636e+03,1.965087890625000000e+02,3.124999999999822364e-03,4.999999999999993339e-02,-3.828125000000071054e-02
4.658000000000000000e+03,1.957946777343750000e+02,4.562499999999980460e-02,-7.000000000000006217e-02,-4.484375000000095923e-02
4.658100000000000364e+03,1.963989257812500000e+02,1.062500000000010658e-02,1.199999999999999956e-01,-3.664062500000042633e-02
4.658199999999999818e+03,1.961975097656250000e+02,5.562500000000003553e-02,9.999999999999997780e-02,2.351562499999904077e-02
4.658300000000000182e+03,1.960327148437500000e+02,3.312500000000007105e-02,6.999999999999995115e-02,4.921874999999076294e-03
4.658399999999999636e+03,1.966186523437500000e+02,2.562499999999978684e-02,-1.400000000000001243e-01,-2.406250000000031974e-02
4.658500000000000000e+03,1.959228515625000000e+02,3.562500000000001776e-02,1.199999999999999956e-01,-6.726562500000099476e-02
4.658600000000000364e+03,1.951171875000000000e+02,1.062500000000010658e-02,1.599999999999999201e-01,-5.085937500000081712e-02
4.658699999999999818e+03,1.946594238281250000e+02,1.562500000000000000e-02,-2.099999999999999645e-01,-1.367187500000088818e-02
4.658800000000000182e+03,1.943847656250000000e+02,2.562499999999978684e-02,2.399999999999999911e-01,-4.757812500000024869e-02
4.658899999999999636e+03,1.950256347656250000e+02,-4.375000000000017764e-03,3.999999999999992450e-02,2.242187499999914735e-02
4.659000000000000000e+03,1.902648925781250000e+02,-1.687500000000019540e-02,2.199999999999999734e-01,-3.828125000000071054e-02
4.659100000000000364e+03,1.881042480468750000e+02,1.312500000000005329e-02,-1.300000000000001155e-01,1.476562499999900524e-02
4.659199999999999818e+03,1.877563476562500000e+02,5.562500000000003553e-02,-2.000000000000001776e-02,-3.609375000000092371e-02
4.659300000000000182e+03,1.874633789062500000e+02,3.312500000000007105e-02,-2.299999999999999822e-01,-4.812500000000063949e-02
4.659399999999999636e+03,1.879943847656250000e+02,5.312500000000008882e-02,-6.000000000000005329e-02,-1.750000000000095923e-02
4.659500000000000000e+03,1.773559570312500000e+02,3.562500000000001776e-02,1.299999999999998934e-01,-3.390625000000024869e-02
4.659600000000000364e+03,1.773742675781250000e+02,5.562500000000003553e-02,-4.000000000000003553e-02,-3.226562500000085265e-02
4.659699999999999818e+03,1.772460937500000000e+02,6.249999999998756550e-04,-1.000000000000000888e-02,-2.351562500000081712e-02
4.659800000000000182e+03,1.768981933593750000e+02,4.062499999999991118e-02,-4.000000000000003553e-02,-1.148437500000110134e-02
4.659899999999999636e+03,1.702697753906250000e+02,3.062500000000012434e-02,-2.000000000000001776e-02,-2.789062500000039080e-02
4.660000000000000000e+03,1.682922363281250000e+02,3.124999999999822364e-03,-1.000000000000000888e-01,1.640624999999396039e-03
4.660100000000000364e+03,1.687316894531250000e+02,-1.812499999999994671e-02,-2.000000000000001776e-02,-5.796875000000056843e-02
4.660199999999999818e+03,1.686401367187500000e+02,4.062499999999991118e-02,7.999999999999996003e-02,-5.414062500000049738e-02
4.660300000000000182e+03,1.645935058593750000e+02,3.062500000000012434e-02,2.799999999999999156e-01,-2.132812500000103029e-02
4.660399999999999636e+03,1.618652343750000000e+02,5.624999999999769074e-03,1.399999999999999023e-01,-5.742187500000106581e-02
4.660500000000000000e+03,1.609863281250000000e+02,2.812499999999973355e-02,9.999999999999997780e-02,-7.656250000001030287e-03
4.660600000000000364e+03,1.615173339843750000e+02,3.562500000000001776e-02,3.399999999999999689e-01,-3.007812500000106581e-02
4.660699999999999818e+03,1.614074707031250000e+02,2.312499999999984013e-02,3.999999999999992450e-02,-5.031250000000042633e-02
4.660800000000000182e+03,1.553100585937500000e+02,1.812499999999994671e-02,1.399999999999999023e-01,-4.046875000000049738e-02
4.660899999999999636e+03,1.556213378906250000e+02,4.312499999999985789e-02,2.999999999999991562e-02,-2.789062500000039080e-02
4.661000000000000000e+03,1.549072265625000000e+02,8.062499999999994671e-02,-8.000000000000007105e-02,-2.078125000000063949e-02
4.661100000000000364e+03,1.553649902343750000e+02,-1.875000000000071054e-03,-4.000000000000003553e-02,-2.296875000000042633e-02
4.661199999999999818e+03,1.511169433593750000e+02,8.124999999999715783e-03,-6.000000000000005329e-02,-3.335937500000074607e-02
4.661300000000000182e+03,1.496520996093750000e+02,4.062499999999991118e-02,9.999999999999897859e-03,-4.921875000000852651e-03
4.661399999999999636e+03,1.502746582031250000e+02,4.312499999999985789e-02,-7.000000000000006217e-02,6.015624999998969713e-03
4.661500000000000000e+03,1.495971679687500000e+02,5.562500000000003553e-02,-1.000000000000000888e-02,-1.750000000000095923e-02
4.661600000000000364e+03,1.484252929687500000e+02,2.562499999999978684e-02,9.999999999999997780e-02,-4.593750000000085265e-02
4.661699999999999818e+03,1.454956054687500000e+02,8.124999999999715783e-03,-3.000000000000002665e-02,8.749999999999147349e-03
4.661800000000000182e+03,1.448547363281250000e+02,4.812499999999975131e-02,9.999999999999997780e-02,-4.921875000000852651e-03
4.661899999999999636e+03,1.456054687500000000e+02,1.312500000000005329e-02,2.699999999999999067e-01,-3.335937500000074607e-02
4.662000000000000000e+03,1.448730468750000000e+02,3.812499999999996447e-02,-1.500000000000001332e-01,-1.421875000000039080e-02
4.662100000000000364e+03,1.415405273437500000e+02,2.312499999999984013e-02,2.500000000000000000e-01,-5.687500000000067502e-02
4.662199999999999818e+03,1.413391113281250000e+02,5.062500000000014211e-02,-4.000000000000003553e-02,-3.937500000000060396e-02
4.662300000000000182e+03,1.407531738281250000e+02,4.312499999999985789e-02,9.999999999999897859e-03,-2.843750000000078160e-02
4.662399999999999636e+03,1.413940429687500000e+02,7.062500000000015987e-02,7.999999999999996003e-02,-3.718750000000081712e-02
4.662500000000000000e+03,1.381347656250000000e+02,2.562499999999978684e-02,9.999999999999897859e-03,-2.296875000000042633e-02
4.662600000000000364e+03,1.375305175781250000e+02,2.312499999999984013e-02,-6.000000000000005329e-02,-6.343750000000092371e-02
4.662699999999999818e+03,1.375854492187500000e+02,1.562500000000000000e-02,-1.000000000000000888e-02,8.203124999999644729e-03
4.662800000000000182e+03,1.370727539062500000e+02,4.812499999999975131e-02,4.999999999999993339e-02,-1.804687500000046185e-02
4.662899999999999636e+03,1.371826171875000000e+02,2.562499999999978684e-02,2.399999999999999911e-01,5.468749999995026201e-04
4.663000000000000000e+03,1.339782714843750000e+02,8.124999999999715783e-03,5.999999999999994227e-02,-6.125000000000024869e-02
4.663100000000000364e+03,1.342346191406250000e+02,3.812499999999996447e-02,2.500000000000000000e-01,3.007812499999928946e-02
4.663199999999999818e+03,1.343444824218750000e+02,1.312500000000005329e-02,1.699999999999999289e-01,-1.257812500000099476e-02
4.663300000000000182e+03,1.337402343750000000e+02,5.562500000000003553e-02,-1.900000000000001688e-01,-1.476562500000078160e-02
4.663399999999999636e+03,1.317260742187500000e+02,3.312500000000007105e-02,1.099999999999999867e-01,3.171874999999957367e-02
4.663500000000000000e+03,1.308837890625000000e+02,1.312500000000005329e-02,1.999999999999990674e-02,-1.476562500000078160e-02
4.663600000000000364e+03,1.311767578125000000e+02,4.062499999999991118e-02,-2.099999999999999645e-01,-5.085937500000081712e-02
4.663699999999999818e+03,1.313049316406250000e+02,2.562499999999978684e-02,-2.000000000000001776e-02,-3.554687500000053291e-02
4.663800000000000182e+03,1.290161132812500000e+02,3.562500000000001776e-02,1.199999999999999956e-01,-4.976562500000092371e-02
4.663899999999999636e+03,1.287780761718750000e+02,3.812499999999996447e-02,-4.000000000000003553e-02,-5.304687500000060396e-02
4.664000000000000000e+03,1.281555175781250000e+02,2.562499999999978684e-02,-4.000000000000003553e-02,-3.445312500000063949e-02
4.664100000000000364e+03,1.284851074218750000e+02,7.562500000000005329e-02,2.399999999999999911e-01,-5.632812500000028422e-02
4.664199999999999818e+03,1.285766601562500000e+02,4.812499999999975131e-02,9.999999999999897859e-03,-8.257812500000039080e-02
4.664300000000000182e+03,1.255920410156250000e+02,4.312499999999985789e-02,1.499999999999999112e-01,-5.304687500000060396e-02
4.664399999999999636e+03,1.261047363281250000e+02,3.812499999999996447e-02,2.099999999999999645e-01,-2.734375000000088818e-02
4.664500000000000000e+03,1.255737304687500000e+02,5.062500000000014211e-02,-2.000000000000001776e-02,-1.804687500000046185e-02
4.664600000000000364e+03,1.258666992187500000e+02,5.562500000000003553e-02,2.999999999999991562e-02,-4.648437500000035527e-02
4.664699999999999818e+03,1.240539550781250000e+02,1.562500000000000000e-02,3.999999999999992450e-02,-1.804687500000046185e-02
4.664800000000000182e+03,1.231750488281250000e+02,3.562500000000001776e-02,-5.000000000000004441e-02,-2.187500000000053291e-02
4.664899999999999636e+03,1.237976074218750000e+02,4.812499999999975131e-02,-4.000000000000003553e-02,-5.468750000003907985e-04
4.665000000000000000e+03,1.232299804687500000e+02,4.312499999999985789e-02,-8.000000000000007105e-02,1.257812499999921840e-02
4.665100000000000364e+03,1.225891113281250000e+02,5.624999999999769074e-03,2.500000000000000000e-01,-4.320312500000067502e-02
4.665199999999999818e+03,1.215820312500000000e+02,4.812499999999975131e-02,-4.000000000000003553e-02,-2.187500000000053291e-02
4.665300000000000182e+03,1.209594726562500000e+02,2.062499999999989342e-02,-7.000000000000006217e-02,-2.460937500000071054e-02
4.665399999999999636e+03,1.216186523437500000e+02,2.562499999999978684e-02,2.299999999999999822e-01,7.109374999999751310e-03
4.665500000000000000e+03,1.211059570312500000e+02,2.812499999999973355e-02,-8.000000000000007105e-02,-5.796875000000056843e-02
4.665600000000000364e+03,1.192565917968750000e+02,4.812499999999975131e-02,-1.100000000000000977e-01,-3.117187500000095923e-02
4.665699999999999818e+03,1.193115234375000000e+02,2.562499999999978684e-02,0.000000000000000000e+00,-3.007812500000106581e-02
4.665800000000000182e+03,1.187255859375000000e+02,-1.187499999999985789e-02,1.899999999999999467e-01,-4.757812500000024869e-02
4.665899999999999636e+03,1.193664550781250000e+02,1.062500000000010658e-02,1.299999999999998934e-01,-4.812500000000063949e-02
4.666000000000000000e+03,1.173522949218750000e+02,3.124999999999822364e-03,-1.000000000000000888e-02,-3.390625000000024869e-02
4.666100000000000364e+03,1.170959472656250000e+02,1.062500000000010658e-02,3.499999999999999778e-01,-2.734375000001065814e-03
4.666199999999999818e+03,1.172973632812500000e+02,2.812499999999973355e-02,-2.000000000000001776e-02,2.898437499999939604e-02
4.666300000000000182e+03,1.167297363281250000e+02,6.249999999998756550e-04,9.999999999999897859e-03,-4.429687500000056843e-02
4.666399999999999636e+03,1.168945312500000000e+02,1.812499999999994671e-02,-1.000000000000000888e-01,-3.445312500000063949e-02
4.666500000000000000e+03,1.150817871093750000e+02,1.062500000000010658e-02,-1.500000000000001332e-01,1.749999999999918288e-02
4.666600000000000364e+03,1.152099609375000000e+02,8.062499999999994671e-02,1.489999999999999991e+00,-6.070312500000074607e-02
4.666699999999999818e+03,1.154296875000000000e+02,4.812499999999975131e-02,-1.400000000000001243e-01,-3.281250000000568434e-03
4.666800000000000182e+03,1.148620605468750000e+02,4.812499999999975131e-02,0.000000000000000000e+00,-3.554687500000053291e-02
4.666899999999999636e+03,1.138366699218750000e+02,3.062500000000012434e-02,-6.000000000000005329e-02,-1.093750000000071054e-02
4.667000000000000000e+03,1.132141113281250000e+02,3.562500000000001776e-02,-7.000000000000006217e-02,9.843749999999040767e-03
4.667100000000000364e+03,1.134155273437500000e+02,5.062500000000014211e-02,-9.000000000000007994e-02,-3.007812500000106581e-02
4.667199999999999818e+03,1.135803222656250000e+02,2.562499999999978684e-02,1.099999999999999867e-01,6.015624999998969713e-03
4.667300000000000182e+03,1.118591308593750000e+02,1.312500000000005329e-02,9.999999999999997780e-02,-5.359375000000099476e-02
4.667399999999999636e+03,1.118957519531250000e+02,5.812499999999998224e-02,8.999999999999996891e-02,-3.171875000000046185e-02
4.667500000000000000e+03,1.114196777343750000e+02,3.312500000000007105e-02,1.599999999999999201e-01,-5.523437500000039080e-02
4.667600000000000364e+03,1.116210937500000000e+02,4.562499999999980460e-02,2.599999999999998979e-01,1.476562499999900524e-02
4.667699999999999818e+03,1.116943359375000000e+02,3.062500000000012434e-02,1.199999999999999956e-01,-4.648437500000035527e-02
4.667800000000000182e+03,1.095886230468750000e+02,2.312499999999984013e-02,2.199999999999999734e-01,-3.281250000000568434e-03
4.667899999999999636e+03,1.101379394531250000e+02,3.062500000000012434e-02,4.999999999999993339e-02,-2.953125000000067502e-02
4.668000000000000000e+03,1.097167968750000000e+02,1.562500000000000000e-02,9.999999999999897859e-03,-3.500000000000103029e-02
4.668100000000000364e+03,1.099182128906250000e+02,-2.937499999999992895e-02,-8.000000000000007105e-02,1.476562499999900524e-02
4.668199999999999818e+03,1.086364746093750000e+02,1.312500000000005329e-02,9.999999999999897859e-03,-2.515625000000110134e-02
4.668300000000000182e+03,1.078491210937500000e+02,4.812499999999975131e-02,1.999999999999990674e-02,-3.445312500000063949e-02
4.668399999999999636e+03,1.084350585937500000e+02,3.312500000000007105e-02,2.999999999999991562e-02,-2.132812500000103029e-02
4.668500000000000000e+03,1.080322265625000000e+02,4.562499999999980460e-02,9.999999999999897859e-03,-3.773437500000031974e-02
4.668600000000000364e+03,1.073364257812500000e+02,-1.875000000000071054e-03,2.299999999999999822e-01,-2.570312500000060396e-02
4.668699999999999818e+03,1.068054199218750000e+02,3.812499999999996447e-02,1.999999999999990674e-02,-6.781250000000049738e-02
4.668800000000000182e+03,1.062561035156250000e+02,2.812499999999973355e-02,2.999999999999991562e-02,-2.187500000000675016e-03
4.668899999999999636e+03,1.068420410156250000e+02,3.562500000000001776e-02,9.999999999999997780e-02,-9.843750000000817124e-03
4.669000000000000000e+03,1.064208984375000000e+02,2.562499999999978684e-02,6.999999999999995115e-02,3.828124999999182876e-03
4.669100000000000364e+03,1.051940917968750000e+02,5.812499999999998224e-02,-1.999999999999999556e-01,-4.757812500000024869e-02
4.669199999999999818e+03,1.052856445312500000e+02,2.562499999999978684e-02,-2.399999999999999911e-01,-1.914062500000035527e-02
4.669300000000000182e+03,1.047363281250000000e+02,2.812499999999973355e-02,-1.000000000000000888e-01,1.859374999999907629e-02
4.669399999999999636e+03,1.053039550781250000e+02,2.062499999999989342e-02,1.799999999999999378e-01,2.078124999999975131e-02
4.669500000000000000e+03,1.037841796875000000e+02,7.312500000000010658e-02,1.199999999999999956e-01,-2.898437500000028422e-02
4.669600000000000364e+03,1.035644531250000000e+02,1.812499999999994671e-02,1.299999999999998934e-01,2.187499999998898659e-03
4.669699999999999818e+03,1.037658691406250000e+02,2.812499999999973355e-02,-1.999999999999999556e-01,-6.781250000000049738e-02
4.669800000000000182e+03,1.032165527343750000e+02,1.249999999999751310e-03,-1.100000000000000977e-01,-3.718750000000081712e-02
4.669899999999999636e+03,1.034362792968750000e+02,2.812499999999973355e-02,4.999999999999993339e-02,-1.093750000000781597e-03
4.670000000000000000e+03,1.020812988281250000e+02,3.062500000000012434e-02,1.999999999999990674e-02,-2.078125000000063949e-02
4.670100000000000364e+03,1.021362304687500000e+02,3.562500000000001776e-02,3.999999999999992450e-02,-3.828125000000071054e-02
4.670199999999999818e+03,1.023925781250000000e+02,5.812499999999998224e-02,-1.999999999999999556e-01,4.101562499999911182e-02
4.670300000000000182e+03,1.018249511718750000e+02,3.812499999999996447e-02,1.199999999999999956e-01,6.015624999998969713e-03
4.670399999999999636e+03,1.011291503906250000e+02,5.562500000000003553e-02,-1.300000000000001155e-01,-4.484375000000095923e-02
4.670500000000000000e+03,1.006530761718750000e+02,3.812499999999996447e-02,-1.900000000000001688e-01,-1.148437500000110134e-02
